{"total_replays" : 29, "prune_duration_seconds" : 1.102, "replay_start_epoch" : -1.0, "replay_end_epoch" : -1.0, "original_duration_seconds" : -1.0, "prune_start_epoch" : 1.432082963797E12, "maxDistance" : {}, "prune_end_epoch" : 1.432082964899E12, "total_events" : 0.0, "initial_verification_runs_needed" : 0.0, "total_inputs" : 0.0, "iteration_size" : {"12" : 16, "8" : 18, "19" : 14, "23" : 14, "4" : 18, "15" : 15, "11" : 17, "9" : 18, "22" : 14, "26" : 12, "13" : 16, "24" : 13, "16" : 14, "5" : 18, "10" : 18, "21" : 14, "6" : 18, "1" : 18, "17" : 14, "25" : 12, "14" : 16, "0" : 18, "20" : 14, "27" : 12, "2" : 18, "18" : 14, "7" : 18, "29" : 10, "3" : 18, "28" : 11}, "replay_duration_seconds" : -1.0}