{"total_replays" : 77, "prune_duration_seconds" : 28.71, "replay_start_epoch" : -1.0, "replay_end_epoch" : -1.0, "original_duration_seconds" : -1.0, "prune_start_epoch" : 1.43925993139E12, "maxDistance" : {}, "prune_end_epoch" : 1.4392599601E12, "total_events" : 0.0, "initial_verification_runs_needed" : 0.0, "total_inputs" : 0.0, "iteration_size" : {"45" : 39, "34" : 53, "67" : 28, "12" : 60, "66" : 28, "51" : 37, "8" : 60, "73" : 25, "19" : 60, "23" : 59, "62" : 29, "4" : 68, "77" : 21, "40" : 48, "15" : 60, "11" : 60, "9" : 60, "44" : 39, "33" : 53, "22" : 59, "56" : 35, "55" : 36, "26" : 57, "50" : 38, "37" : 51, "68" : 27, "61" : 34, "13" : 60, "46" : 39, "24" : 59, "35" : 53, "16" : 60, "5" : 68, "72" : 25, "10" : 60, "59" : 34, "48" : 39, "21" : 59, "76" : 22, "54" : 36, "43" : 47, "65" : 29, "71" : 27, "57" : 35, "32" : 54, "49" : 38, "6" : 60, "36" : 53, "1" : 68, "39" : 48, "17" : 60, "25" : 59, "60" : 34, "14" : 60, "47" : 39, "31" : 54, "69" : 27, "58" : 34, "64" : 29, "53" : 36, "42" : 47, "75" : 22, "0" : 68, "20" : 60, "27" : 57, "70" : 27, "2" : 68, "38" : 50, "18" : 60, "30" : 56, "7" : 60, "29" : 57, "41" : 47, "63" : 29, "3" : 68, "74" : 24, "52" : 37, "28" : 57}, "replay_duration_seconds" : -1.0}