{"total_replays" : 68, "prune_duration_seconds" : 5.303, "replay_start_epoch" : -1.0, "replay_end_epoch" : -1.0, "original_duration_seconds" : -1.0, "prune_start_epoch" : 1.439407103301E12, "maxDistance" : {}, "prune_end_epoch" : 1.439407108604E12, "total_events" : 0.0, "initial_verification_runs_needed" : 0.0, "total_inputs" : 0.0, "iteration_size" : {"45" : 62, "34" : 67, "67" : 22, "12" : 72, "66" : 25, "51" : 58, "8" : 72, "19" : 72, "23" : 72, "62" : 30, "4" : 72, "40" : 65, "15" : 72, "11" : 72, "9" : 72, "44" : 63, "33" : 67, "22" : 72, "56" : 37, "55" : 55, "26" : 70, "50" : 59, "37" : 65, "68" : 21, "61" : 32, "13" : 72, "46" : 62, "24" : 72, "35" : 67, "16" : 72, "5" : 72, "10" : 72, "59" : 37, "48" : 60, "21" : 72, "54" : 55, "43" : 63, "65" : 25, "57" : 37, "32" : 67, "49" : 59, "6" : 72, "36" : 67, "1" : 72, "39" : 65, "17" : 72, "25" : 72, "60" : 32, "14" : 72, "47" : 62, "31" : 68, "58" : 37, "64" : 29, "53" : 56, "42" : 65, "0" : 72, "20" : 72, "27" : 70, "2" : 72, "38" : 65, "18" : 72, "30" : 70, "7" : 72, "29" : 70, "41" : 65, "63" : 30, "3" : 72, "52" : 56, "28" : 70}, "replay_duration_seconds" : -1.0}