{"total_replays" : 41, "prune_duration_seconds" : 1.305, "replay_start_epoch" : -1.0, "replay_end_epoch" : -1.0, "original_duration_seconds" : -1.0, "prune_start_epoch" : 1.439449037739E12, "maxDistance" : {}, "prune_end_epoch" : 1.439449039044E12, "total_events" : 0.0, "initial_verification_runs_needed" : 0.0, "total_inputs" : 0.0, "iteration_size" : {"34" : 27, "12" : 51, "8" : 51, "19" : 51, "23" : 46, "4" : 51, "40" : 12, "15" : 51, "11" : 51, "9" : 51, "33" : 28, "22" : 46, "26" : 43, "37" : 14, "13" : 51, "24" : 44, "35" : 19, "16" : 51, "5" : 51, "10" : 51, "21" : 50, "32" : 30, "6" : 51, "36" : 19, "1" : 68, "39" : 12, "17" : 51, "25" : 44, "14" : 51, "31" : 30, "0" : 68, "20" : 51, "27" : 43, "2" : 68, "38" : 14, "18" : 51, "30" : 35, "7" : 51, "29" : 35, "41" : 11, "3" : 68, "28" : 43}, "replay_duration_seconds" : -1.0}