{"total_replays" : 35, "prune_duration_seconds" : 1.575, "replay_start_epoch" : -1.0, "replay_end_epoch" : -1.0, "original_duration_seconds" : -1.0, "prune_start_epoch" : 1.431994191631E12, "maxDistance" : {}, "prune_end_epoch" : 1.431994193206E12, "total_events" : 0.0, "initial_verification_runs_needed" : 0.0, "total_inputs" : 0.0, "iteration_size" : {"34" : 16, "12" : 17, "8" : 18, "19" : 17, "23" : 17, "4" : 18, "15" : 17, "11" : 17, "9" : 18, "33" : 16, "22" : 17, "26" : 17, "13" : 17, "24" : 17, "35" : 16, "16" : 17, "5" : 18, "10" : 18, "21" : 17, "32" : 16, "6" : 18, "1" : 18, "17" : 17, "25" : 17, "14" : 17, "31" : 16, "0" : 18, "20" : 17, "27" : 16, "2" : 18, "18" : 17, "30" : 16, "7" : 18, "29" : 16, "3" : 18, "28" : 16}, "replay_duration_seconds" : -1.0}