{"total_replays" : 31, "prune_duration_seconds" : 0.926, "replay_start_epoch" : -1.0, "replay_end_epoch" : -1.0, "original_duration_seconds" : -1.0, "prune_start_epoch" : 1.431908073864E12, "maxDistance" : {}, "prune_end_epoch" : 1.43190807479E12, "total_events" : 0.0, "initial_verification_runs_needed" : 0.0, "total_inputs" : 0.0, "iteration_size" : {"12" : 16, "8" : 17, "19" : 14, "23" : 13, "4" : 18, "15" : 15, "11" : 16, "9" : 17, "22" : 13, "26" : 12, "13" : 16, "24" : 12, "16" : 15, "5" : 18, "10" : 16, "21" : 14, "6" : 18, "1" : 18, "17" : 14, "25" : 12, "14" : 16, "31" : 10, "0" : 18, "20" : 14, "27" : 12, "2" : 18, "18" : 14, "30" : 11, "7" : 18, "29" : 11, "3" : 18, "28" : 12}, "replay_duration_seconds" : -1.0}
