{"total_replays" : 27, "prune_duration_seconds" : 0.302, "replay_start_epoch" : -1.0, "replay_end_epoch" : -1.0, "original_duration_seconds" : -1.0, "prune_start_epoch" : 1.431908075761E12, "maxDistance" : {}, "prune_end_epoch" : 1.431908076063E12, "total_events" : 0.0, "initial_verification_runs_needed" : 0.0, "total_inputs" : 0.0, "iteration_size" : {"12" : 15, "8" : 17, "19" : 13, "23" : 10, "4" : 18, "15" : 13, "11" : 15, "9" : 17, "22" : 11, "26" : 8, "13" : 13, "24" : 10, "16" : 13, "5" : 18, "10" : 16, "21" : 12, "6" : 18, "1" : 18, "17" : 13, "25" : 8, "14" : 13, "0" : 18, "20" : 12, "27" : 8, "2" : 18, "18" : 13, "7" : 18, "3" : 18}, "replay_duration_seconds" : -1.0}