{"total_replays" : 40, "prune_duration_seconds" : 2.518, "replay_start_epoch" : -1.0, "replay_end_epoch" : -1.0, "original_duration_seconds" : -1.0, "prune_start_epoch" : 1.43883131955E12, "maxDistance" : {}, "prune_end_epoch" : 1.438831322068E12, "total_events" : 0.0, "initial_verification_runs_needed" : 0.0, "total_inputs" : 0.0, "iteration_size" : {"34" : 22, "12" : 143, "8" : 143, "19" : 143, "23" : 139, "4" : 156, "40" : 10, "15" : 143, "11" : 143, "9" : 143, "33" : 35, "22" : 140, "26" : 125, "37" : 12, "13" : 143, "24" : 138, "35" : 22, "16" : 143, "5" : 156, "10" : 143, "21" : 143, "32" : 61, "6" : 156, "36" : 15, "1" : 208, "39" : 11, "17" : 143, "25" : 125, "14" : 143, "31" : 113, "0" : 208, "20" : 143, "27" : 118, "2" : 208, "38" : 11, "18" : 143, "30" : 113, "7" : 143, "29" : 115, "3" : 208, "28" : 115}, "replay_duration_seconds" : -1.0}