{"total_replays" : 40, "prune_duration_seconds" : 1.399, "replay_start_epoch" : -1.0, "replay_end_epoch" : -1.0, "original_duration_seconds" : -1.0, "prune_start_epoch" : 1.439262741769E12, "maxDistance" : {}, "prune_end_epoch" : 1.439262743168E12, "total_events" : 0.0, "initial_verification_runs_needed" : 0.0, "total_inputs" : 0.0, "iteration_size" : {"34" : 28, "12" : 60, "8" : 60, "19" : 60, "23" : 60, "4" : 68, "40" : 12, "15" : 60, "11" : 60, "9" : 60, "33" : 45, "22" : 60, "26" : 54, "37" : 15, "13" : 60, "24" : 60, "35" : 20, "16" : 60, "5" : 68, "10" : 60, "21" : 60, "32" : 45, "6" : 60, "36" : 20, "1" : 68, "39" : 13, "17" : 60, "25" : 56, "14" : 60, "31" : 46, "0" : 68, "20" : 60, "27" : 54, "2" : 68, "38" : 15, "18" : 60, "30" : 46, "7" : 60, "29" : 48, "3" : 68, "28" : 52}, "replay_duration_seconds" : -1.0}