{"total_replays" : 24, "prune_duration_seconds" : 0.252, "replay_start_epoch" : -1.0, "replay_end_epoch" : -1.0, "original_duration_seconds" : -1.0, "prune_start_epoch" : 1.431994195922E12, "maxDistance" : {}, "prune_end_epoch" : 1.431994196174E12, "total_events" : 0.0, "initial_verification_runs_needed" : 0.0, "total_inputs" : 0.0, "iteration_size" : {"12" : 14, "8" : 14, "19" : 11, "23" : 10, "4" : 14, "15" : 13, "11" : 14, "9" : 14, "22" : 10, "13" : 14, "24" : 10, "16" : 13, "5" : 14, "10" : 14, "21" : 10, "6" : 14, "1" : 14, "17" : 13, "14" : 13, "0" : 14, "20" : 10, "2" : 14, "18" : 11, "7" : 14, "3" : 14}, "replay_duration_seconds" : -1.0}