{"total_replays" : 40, "prune_duration_seconds" : 0.966, "replay_start_epoch" : -1.0, "replay_end_epoch" : -1.0, "original_duration_seconds" : -1.0, "prune_start_epoch" : 1.438831684602E12, "maxDistance" : {}, "prune_end_epoch" : 1.438831685568E12, "total_events" : 0.0, "initial_verification_runs_needed" : 0.0, "total_inputs" : 0.0, "iteration_size" : {"34" : 35, "12" : 117, "8" : 117, "19" : 117, "23" : 112, "4" : 156, "40" : 10, "15" : 117, "11" : 117, "9" : 117, "33" : 35, "22" : 113, "26" : 86, "37" : 15, "13" : 117, "24" : 112, "35" : 22, "16" : 117, "5" : 130, "10" : 117, "21" : 114, "32" : 61, "6" : 117, "36" : 22, "1" : 208, "39" : 11, "17" : 117, "25" : 112, "14" : 117, "31" : 63, "0" : 208, "20" : 117, "27" : 73, "2" : 208, "38" : 12, "18" : 117, "30" : 63, "7" : 117, "29" : 67, "3" : 208, "28" : 67}, "replay_duration_seconds" : -1.0}