{"total_replays" : 62, "prune_duration_seconds" : 2.897, "replay_start_epoch" : -1.0, "replay_end_epoch" : -1.0, "original_duration_seconds" : -1.0, "prune_start_epoch" : 1.439414805007E12, "maxDistance" : {}, "prune_end_epoch" : 1.439414807904E12, "total_events" : 0.0, "initial_verification_runs_needed" : 0.0, "total_inputs" : 0.0, "iteration_size" : {"45" : 33, "34" : 44, "12" : 68, "51" : 30, "8" : 68, "19" : 68, "23" : 67, "62" : 16, "4" : 68, "40" : 39, "15" : 68, "11" : 68, "9" : 68, "44" : 33, "33" : 44, "22" : 67, "56" : 24, "55" : 26, "26" : 61, "50" : 30, "37" : 40, "61" : 17, "13" : 68, "46" : 31, "24" : 63, "35" : 44, "16" : 68, "5" : 68, "10" : 68, "59" : 23, "48" : 30, "21" : 68, "54" : 26, "43" : 37, "57" : 24, "32" : 44, "49" : 30, "6" : 68, "36" : 44, "1" : 68, "39" : 40, "17" : 68, "25" : 63, "60" : 19, "14" : 68, "47" : 30, "31" : 45, "58" : 23, "53" : 27, "42" : 38, "0" : 68, "20" : 68, "27" : 60, "2" : 68, "38" : 40, "18" : 68, "30" : 48, "7" : 68, "29" : 48, "41" : 38, "3" : 68, "52" : 30, "28" : 52}, "replay_duration_seconds" : -1.0}