{"(DDMin,STSSchedNoPeek)" : "{\"total_replays\" : 50, \"prune_duration_seconds\" : 5.762, \"replay_start_epoch\" : -1.0, \"replay_end_epoch\" : -1.0, \"original_duration_seconds\" : -1.0, \"prune_start_epoch\" : 1.440813669055E12, \"maxDistance\" : {}, \"prune_end_epoch\" : 1.440813674817E12, \"total_events\" : 0.0, \"initial_verification_runs_needed\" : 0.0, \"total_inputs\" : 0.0, \"iteration_size\" : {\"45\" : 21, \"34\" : 44, \"12\" : 68, \"8\" : 68, \"19\" : 68, \"23\" : 67, \"4\" : 68, \"40\" : 32, \"15\" : 68, \"11\" : 68, \"9\" : 68, \"44\" : 29, \"33\" : 44, \"22\" : 67, \"26\" : 60, \"50\" : 13, \"37\" : 39, \"13\" : 68, \"46\" : 17, \"24\" : 63, \"35\" : 44, \"16\" : 68, \"5\" : 68, \"10\" : 68, \"48\" : 14, \"21\" : 68, \"43\" : 30, \"32\" : 44, \"49\" : 14, \"6\" : 68, \"36\" : 44, \"1\" : 68, \"39\" : 36, \"17\" : 68, \"25\" : 61, \"14\" : 68, \"47\" : 15, \"31\" : 44, \"42\" : 30, \"0\" : 68, \"20\" : 68, \"27\" : 60, \"2\" : 68, \"38\" : 37, \"18\" : 68, \"30\" : 45, \"7\" : 68, \"29\" : 47, \"41\" : 32, \"3\" : 68, \"28\" : 51}, \"replay_duration_seconds\" : -1.0}"}