{"total_replays" : 83, "prune_duration_seconds" : 5.027, "replay_start_epoch" : -1.0, "replay_end_epoch" : -1.0, "original_duration_seconds" : -1.0, "prune_start_epoch" : 1.439448904707E12, "maxDistance" : {}, "prune_end_epoch" : 1.439448909734E12, "total_events" : 0.0, "initial_verification_runs_needed" : 0.0, "total_inputs" : 0.0, "iteration_size" : {"45" : 56, "34" : 63, "67" : 35, "12" : 68, "66" : 35, "51" : 51, "8" : 68, "73" : 29, "78" : 28, "19" : 68, "23" : 68, "62" : 38, "4" : 68, "77" : 28, "40" : 60, "15" : 68, "11" : 68, "9" : 68, "44" : 56, "33" : 63, "22" : 68, "56" : 41, "55" : 50, "26" : 68, "50" : 53, "37" : 63, "68" : 35, "61" : 38, "13" : 68, "46" : 56, "24" : 68, "83" : 23, "35" : 63, "16" : 68, "79" : 26, "5" : 68, "72" : 31, "10" : 68, "59" : 41, "48" : 54, "21" : 68, "76" : 28, "54" : 50, "43" : 57, "65" : 35, "71" : 33, "57" : 41, "32" : 64, "80" : 25, "82" : 23, "49" : 53, "6" : 68, "36" : 63, "1" : 68, "39" : 60, "17" : 68, "25" : 68, "60" : 39, "14" : 68, "47" : 56, "31" : 66, "69" : 35, "58" : 41, "64" : 36, "53" : 50, "42" : 59, "75" : 28, "0" : 68, "20" : 68, "27" : 68, "70" : 33, "2" : 68, "38" : 61, "81" : 23, "18" : 68, "30" : 66, "7" : 68, "29" : 67, "41" : 59, "63" : 36, "3" : 68, "74" : 29, "52" : 50, "28" : 68}, "replay_duration_seconds" : -1.0}