{"total_replays" : 35, "prune_duration_seconds" : 1.092, "replay_start_epoch" : -1.0, "replay_end_epoch" : -1.0, "original_duration_seconds" : -1.0, "prune_start_epoch" : 1.432083908702E12, "maxDistance" : {}, "prune_end_epoch" : 1.432083909794E12, "total_events" : 0.0, "initial_verification_runs_needed" : 0.0, "total_inputs" : 0.0, "iteration_size" : {"34" : 14, "12" : 17, "8" : 18, "19" : 16, "23" : 16, "4" : 18, "15" : 16, "11" : 17, "9" : 18, "33" : 14, "22" : 16, "26" : 16, "13" : 16, "24" : 16, "35" : 14, "16" : 16, "5" : 18, "10" : 18, "21" : 16, "32" : 14, "6" : 18, "1" : 18, "17" : 16, "25" : 16, "14" : 16, "31" : 14, "0" : 18, "20" : 16, "27" : 15, "2" : 18, "18" : 16, "30" : 14, "7" : 18, "29" : 14, "3" : 18, "28" : 15}, "replay_duration_seconds" : -1.0}